1	base::RealSlicer	grwth_Transect_randomeffect[12]
2	base::RealSlicer	grwth_Transect_randomeffect[11]
3	base::RealSlicer	grwth_Transect_randomeffect[10]
4	base::RealSlicer	grwth_Transect_randomeffect[9]
5	base::RealSlicer	grwth_Transect_randomeffect[8]
6	base::RealSlicer	grwth_Transect_randomeffect[7]
7	base::RealSlicer	grwth_Transect_randomeffect[6]
8	base::RealSlicer	grwth_Transect_randomeffect[5]
9	base::RealSlicer	grwth_Transect_randomeffect[4]
10	base::RealSlicer	grwth_Transect_randomeffect[3]
11	base::RealSlicer	grwth_Transect_randomeffect[2]
12	base::RealSlicer	grwth_Transect_randomeffect[1]
13	base::RealSlicer	surv_Transect_randomeffect[12]
14	base::RealSlicer	surv_Transect_randomeffect[11]
15	base::RealSlicer	surv_Transect_randomeffect[10]
16	base::RealSlicer	surv_Transect_randomeffect[9]
17	base::RealSlicer	surv_Transect_randomeffect[8]
18	base::RealSlicer	surv_Transect_randomeffect[7]
19	base::RealSlicer	surv_Transect_randomeffect[6]
20	base::RealSlicer	surv_Transect_randomeffect[5]
21	base::RealSlicer	surv_Transect_randomeffect[4]
22	base::RealSlicer	surv_Transect_randomeffect[3]
23	base::RealSlicer	surv_Transect_randomeffect[2]
24	base::RealSlicer	surv_Transect_randomeffect[1]
25	base::RealSlicer	reproyesno_Transect_randomeffect[12]
26	base::RealSlicer	reproyesno_Transect_randomeffect[11]
27	base::RealSlicer	reproyesno_Transect_randomeffect[10]
28	base::RealSlicer	reproyesno_Transect_randomeffect[9]
29	base::RealSlicer	reproyesno_Transect_randomeffect[8]
30	base::RealSlicer	reproyesno_Transect_randomeffect[7]
31	base::RealSlicer	reproyesno_Transect_randomeffect[6]
32	base::RealSlicer	reproyesno_Transect_randomeffect[5]
33	base::RealSlicer	reproyesno_Transect_randomeffect[4]
34	base::RealSlicer	reproyesno_Transect_randomeffect[3]
35	base::RealSlicer	reproyesno_Transect_randomeffect[2]
36	base::RealSlicer	reproyesno_Transect_randomeffect[1]
37	base::RealSlicer	repro_Transect_randomeffect[12]
38	base::RealSlicer	repro_Transect_randomeffect[11]
39	base::RealSlicer	repro_Transect_randomeffect[10]
40	base::RealSlicer	repro_Transect_randomeffect[9]
41	base::RealSlicer	repro_Transect_randomeffect[8]
42	base::RealSlicer	repro_Transect_randomeffect[7]
43	base::RealSlicer	repro_Transect_randomeffect[6]
44	base::RealSlicer	repro_Transect_randomeffect[5]
45	base::RealSlicer	repro_Transect_randomeffect[4]
46	base::RealSlicer	repro_Transect_randomeffect[3]
47	base::RealSlicer	repro_Transect_randomeffect[2]
48	base::RealSlicer	repro_Transect_randomeffect[1]
49	base::RealSlicer	grwth_intercept
50	base::RealSlicer	grwth_RosCoef
51	base::RealSlicer	grwth_PptFallCoef
52	base::RealSlicer	grwth_PptSummerCoef
53	base::RealSlicer	grwth_PptWinterCoef
54	base::RealSlicer	grwth_TempFallCoef
55	base::RealSlicer	grwth_TempSummerCoef
56	base::RealSlicer	grwth_TempWinterCoef
57	base::RealSlicer	grwth_Transect_precision
58	base::RealSlicer	grwthvar_intercept
59	base::RealSlicer	grwthvar_RosCoef
60	base::RealSlicer	surv_intercept
61	base::RealSlicer	surv_RosCoef
62	base::RealSlicer	surv_PptWinterCoef
63	base::RealSlicer	surv_TempFallCoef
64	base::RealSlicer	surv_TempSummerCoef
65	base::RealSlicer	surv_TempWinterCoef
66	base::RealSlicer	surv_Transect_precision
67	base::RealSlicer	reproyesno_intercept
68	base::RealSlicer	reproyesno_RosCoef
69	base::RealSlicer	reproyesno_PptFallCoef
70	base::RealSlicer	reproyesno_PptSummerCoef
71	base::RealSlicer	reproyesno_TempFallCoef
72	base::RealSlicer	reproyesno_TempSummerCoef
73	base::RealSlicer	reproyesno_TempWinterCoef
74	base::RealSlicer	reproyesno_Transect_precision
75	base::RealSlicer	r.infls
76	base::RealSlicer	repro_intercept
77	base::RealSlicer	repro_RosCoef
78	base::RealSlicer	repro_PptSummerCoef
79	base::RealSlicer	repro_PptFallCoef
80	base::RealSlicer	repro_TempWinterCoef
81	base::RealSlicer	repro_TempFallCoef
82	base::RealSlicer	repro_TempSummerCoef
83	base::RealSlicer	repro_Transect_precision
84	base::RealSlicer	newplt_intercept
85	base::RealSlicer	r.newplts
